ogc_fid,geoid,parcelnumb,parcelnumb_no_formatting,state_parcelnumb,account_number,tax_id,alt_parcelnumb1,alt_parcelnumb2,alt_parcelnumb3,usecode,usedesc,zoning,zoning_description,struct,structno,yearbuilt,year_built_effective_date,numstories,numunits,numrooms,num_bath,num_bath_partial,num_bedrooms,structstyle,parvaltype,improvval,landval,parval,agval,saleprice,saledate,taxamt,taxyear,last_ownership_transfer_date,owntype,owner,unmodified_owner,ownfrst,ownlast,owner2,owner3,owner4,previous_owner,mailadd,mail_address2,careof,mail_addno,mail_addpref,mail_addstr,mail_addsttyp,mail_addstsuf,mail_unit,mail_city,mail_state2,mail_zip,mail_country,mail_urbanization,original_mailing_address,address,zoning_type,zoning_subtype,zoning_code_link,zoning_id,homestead_exemption,ll_address_count,fema_flood_zone,fema_flood_zone_subtype,fema_flood_zone_raw,fema_flood_zone_data_date,fema_nri_risk_rating,census_elementary_school_district,census_secondary_school_district,census_unified_school_district,ll_bldg_footprint_sqft,ll_bldg_count,cdl_raw,cdl_majority_category,cdl_majority_percent,cdl_date,insite_score,ll_row_parcel,precisely_id,placekey,dpv_status,dpv_codes,dpv_notes,dpv_type,cass_errorno,rdi,usps_vacancy,usps_vacancy_date,padus_public_access,lbcs_activity,lbcs_activity_desc,lbcs_function,lbcs_function_desc,lbcs_structure,lbcs_structure_desc,lbcs_site,lbcs_site_desc,lbcs_ownership,lbcs_ownership_desc,housing_affordability_index,population_density,population_growth_past_5_years,population_growth_next_5_years,housing_growth_past_5_years,housing_growth_next_5_years,household_income_growth_next_5_years,median_household_income,transmission_line_distance,roughness_rating,highest_parcel_elevation,lowest_parcel_elevation,address2,saddno,saddpref,saddstr,saddsttyp,saddstsuf,sunit,scity,original_address,city_corporate_buy,county_corporate_buy,state2,szip,szip5,urbanization,location_name,address_source,legaldesc,plat,book,page,block,lot,neighborhood,neighborhood_code,subdivision,latitude_corporate_buy,longitude_corporate_buy,qoz,qoz_tract,census_tract,census_block,census_blockgroup,census_zcta,ll_last_refresh,sourceurl,recrdareatx,recrdareano,area_building,area_building_definition,deeded_acres,gisacre,sqft,ll_gisacre,ll_gissqft,plss_township,plss_section,plss_range,reviseddate,path,ll_stable_id,ll_uuid,ll_stack_uuid,ll_updated_at,pidn,altpid_1,altpid_5,source,tile9_,date_,prop_id,tilesec,abs_subdv,imprv_det_,prop_val_y,geo_id,department,map_id,abs_subd_1,owner_id,ref_id2,school,college,water,emergency,municipal,situs_stat,exemptions,tif_zone_c,linked_acc,city_code,comments_,improvementhomesitevalue,improvementnonhomesitevalue,landnonhomesitevalue,landhomesitevalue,agriculturalortimberusevaluereduction,appraisedvalue,hscap,assessedvalue,url,lat_match,lon_match,id,formattedAddress,addressLine1,addressLine2,city_str_listing,state,stateFips,zipCode,county_str_listing,countyFips,latitude_str_listing,longitude_str_listing,propertyType,bedrooms,bathrooms,squareFootage,status,price,listingType,listedDate,removedDate,createdDate,lastSeenDate,daysOnMarket,history,yearBuilt,mlsName,mlsNumber,listingAgent,listingOffice,lotSize,snapshot_date
132955,48141,393201,393201,,,,P79599928505300,399075,,A1,,A-2,Medium Density Residential Apartment District,,,1917.0,,1.0,,,2.0,,,,MARKET,226983,30002,256985,0,,3/7/2025,,2025,8/2/2007,,SARROS INVESTMENTS LLC,,,,,,,,3800 N MESA ST STE A2 # 4,,,,,,,,,EL PASO,TX,79902-1512,,,"{""mailadd"":""3800 N MESA ST STE A2 # 4"",""mail_city"":""EL PASO"",""mail_state2"":""TX"",""mail_zip"":""79902-1512""}",1005 ARIZONA AVE,Residential,Multi Family,https://library.municode.com/tx/el_paso/codes/code_of_ordinances?nodeId=TIT20ZO,38794442.0,,1,,,,,Relatively Low,,,El Paso Independent School District,2062.0,1,,,,,Low,,P0000M3NV9OW,22c@8tf-p3j-5xq,V,YNNNN,AABB,S,A1,Y,N,5/1/2026,,1100.0,Household,1100.0,Private household,1100.0,Single-family buildings,6000.0,Developed site with buildings,1500,Businesses and commercial entities,124.0,9417.2,-0.12,0.15,1.21,0.8,1.1,83149,314,1.0,1147.52,1146.72,,1005,,ARIZONA,AVE,,,EL PASO,"{""address"":""1005 ARIZONA AVE"",""saddno"":""1005"",""saddstr"":""ARIZONA"",""saddsttyp"":""AVE"",""scity"":""EL PASO"",""szip"":""79902""}",el-paso,el-paso,TX,79902-4601,79902,,,county;cass,285 PIERCE FINLEY 20 & E 1/3 OF 19 (4000 SQ FT),,,,,,,,,31.770125,-106.486009,No,,48141002202,481410000000000.0,481410000000.0,79902,3/24/2026,,,528.0,3456.0,LIVING AREA,,0.0918,,0.08982,3913,,,,,/us/tx/el-paso/el-paso/132955,parcelnumb,e59f4736-3bba-47a9-958f-7b2b218a6a3a,,5/13/2026 0:45,P79599928505300,,,j17,4,,393201,central02,P795,R3,2025,P79599928505300,Residential,NWC169,P795,399075,TDC34,IEP,SCC,,,,TX,,,F,CEP,,0.0,226983.0,30002.0,0.0,0,256985,0,256985,,31.7701,-106.486,"1005-Arizona-Ave,-El-Paso,-TX-79902","1005 Arizona Ave, El Paso, TX 79902",1005 Arizona Ave,,El Paso,TX,48,79902,El Paso,141,31.770131,-106.486019,Single Family,1.0,1.0,,Active,550,Standard,2026-05-04T00:00:00.000Z,,2026-05-05T00:00:00.000Z,2026-05-18T00:27:38.274Z,15,"{'2026-05-04': {'event': 'Rental Listing', 'price': 550, 'listingType': 'Standard', 'listedDate': '2026-05-04T00:00:00.000Z', 'removedDate': None, 'daysOnMarket': 15}}",,,,,,,2026-05-18
132955,48141,393201,393201,,,,P79599928505300,399075,,A1,,A-2,Medium Density Residential Apartment District,,,1917.0,,1.0,,,2.0,,,,MARKET,226983,30002,256985,0,,3/7/2025,,2025,8/2/2007,,SARROS INVESTMENTS LLC,,,,,,,,3800 N MESA ST STE A2 # 4,,,,,,,,,EL PASO,TX,79902-1512,,,"{""mailadd"":""3800 N MESA ST STE A2 # 4"",""mail_city"":""EL PASO"",""mail_state2"":""TX"",""mail_zip"":""79902-1512""}",1005 ARIZONA AVE,Residential,Multi Family,https://library.municode.com/tx/el_paso/codes/code_of_ordinances?nodeId=TIT20ZO,38794442.0,,1,,,,,Relatively Low,,,El Paso Independent School District,2062.0,1,,,,,Low,,P0000M3NV9OW,22c@8tf-p3j-5xq,V,YNNNN,AABB,S,A1,Y,N,5/1/2026,,1100.0,Household,1100.0,Private household,1100.0,Single-family buildings,6000.0,Developed site with buildings,1500,Businesses and commercial entities,124.0,9417.2,-0.12,0.15,1.21,0.8,1.1,83149,314,1.0,1147.52,1146.72,,1005,,ARIZONA,AVE,,,EL PASO,"{""address"":""1005 ARIZONA AVE"",""saddno"":""1005"",""saddstr"":""ARIZONA"",""saddsttyp"":""AVE"",""scity"":""EL PASO"",""szip"":""79902""}",el-paso,el-paso,TX,79902-4601,79902,,,county;cass,285 PIERCE FINLEY 20 & E 1/3 OF 19 (4000 SQ FT),,,,,,,,,31.770125,-106.486009,No,,48141002202,481410000000000.0,481410000000.0,79902,3/24/2026,,,528.0,3456.0,LIVING AREA,,0.0918,,0.08982,3913,,,,,/us/tx/el-paso/el-paso/132955,parcelnumb,e59f4736-3bba-47a9-958f-7b2b218a6a3a,,5/13/2026 0:45,P79599928505300,,,j17,4,,393201,central02,P795,R3,2025,P79599928505300,Residential,NWC169,P795,399075,TDC34,IEP,SCC,,,,TX,,,F,CEP,,0.0,226983.0,30002.0,0.0,0,256985,0,256985,,31.7701,-106.486,"1005-Arizona-Ave,-El-Paso,-TX-79902","1005 Arizona Ave, El Paso, TX 79902",1005 Arizona Ave,,El Paso,TX,48,79902,El Paso,141,31.770131,-106.486019,Single Family,1.0,1.0,,Active,550,Standard,2026-05-04T00:00:00.000Z,,2026-05-05T00:00:00.000Z,2026-05-24T00:45:53.061Z,21,"{'2026-05-04': {'event': 'Rental Listing', 'price': 550, 'listingType': 'Standard', 'listedDate': '2026-05-04T00:00:00.000Z', 'removedDate': None, 'daysOnMarket': 21}}",,,,,,,2026-05-24
132955,48141,393201,393201,,,,P79599928505300,399075,,A1,,A-2,Medium Density Residential Apartment District,,,1917.0,,1.0,,,2.0,,,,MARKET,226983,30002,256985,0,,3/7/2025,,2025,8/2/2007,,SARROS INVESTMENTS LLC,,,,,,,,3800 N MESA ST STE A2 # 4,,,,,,,,,EL PASO,TX,79902-1512,,,"{""mailadd"":""3800 N MESA ST STE A2 # 4"",""mail_city"":""EL PASO"",""mail_state2"":""TX"",""mail_zip"":""79902-1512""}",1005 ARIZONA AVE,Residential,Multi Family,https://library.municode.com/tx/el_paso/codes/code_of_ordinances?nodeId=TIT20ZO,38794442.0,,1,,,,,Relatively Low,,,El Paso Independent School District,2062.0,1,,,,,Low,,P0000M3NV9OW,22c@8tf-p3j-5xq,V,YNNNN,AABB,S,A1,Y,N,5/1/2026,,1100.0,Household,1100.0,Private household,1100.0,Single-family buildings,6000.0,Developed site with buildings,1500,Businesses and commercial entities,124.0,9417.2,-0.12,0.15,1.21,0.8,1.1,83149,314,1.0,1147.52,1146.72,,1005,,ARIZONA,AVE,,,EL PASO,"{""address"":""1005 ARIZONA AVE"",""saddno"":""1005"",""saddstr"":""ARIZONA"",""saddsttyp"":""AVE"",""scity"":""EL PASO"",""szip"":""79902""}",el-paso,el-paso,TX,79902-4601,79902,,,county;cass,285 PIERCE FINLEY 20 & E 1/3 OF 19 (4000 SQ FT),,,,,,,,,31.770125,-106.486009,No,,48141002202,481410000000000.0,481410000000.0,79902,3/24/2026,,,528.0,3456.0,LIVING AREA,,0.0918,,0.08982,3913,,,,,/us/tx/el-paso/el-paso/132955,parcelnumb,e59f4736-3bba-47a9-958f-7b2b218a6a3a,,5/13/2026 0:45,P79599928505300,,,j17,4,,393201,central02,P795,R3,2025,P79599928505300,Residential,NWC169,P795,399075,TDC34,IEP,SCC,,,,TX,,,F,CEP,,0.0,226983.0,30002.0,0.0,0,256985,0,256985,,31.7701,-106.486,"1005-Arizona-Ave,-El-Paso,-TX-79902","1005 Arizona Ave, El Paso, TX 79902",1005 Arizona Ave,,El Paso,TX,48,79902,El Paso,141,31.770131,-106.486019,Single Family,1.0,1.0,,Active,450,Standard,2026-05-26T00:00:00.000Z,,2026-05-05T00:00:00.000Z,2026-05-31T01:29:24.818Z,6,"{'2026-05-04': {'event': 'Rental Listing', 'price': 550, 'listingType': 'Standard', 'listedDate': '2026-05-04T00:00:00.000Z', 'removedDate': '2026-05-26T00:00:00.000Z', 'daysOnMarket': 22}, '2026-05-26': {'event': 'Rental Listing', 'price': 450, 'listingType': 'Standard', 'listedDate': '2026-05-26T00:00:00.000Z', 'removedDate': None, 'daysOnMarket': 6}}",,,,,,,2026-05-31
132955,48141,393201,393201,,,,P79599928505300,399075,,A1,,A-2,Medium Density Residential Apartment District,,,1917.0,,1.0,,,2.0,,,,MARKET,226983,30002,256985,0,,3/7/2025,,2025,8/2/2007,,SARROS INVESTMENTS LLC,,,,,,,,3800 N MESA ST STE A2 # 4,,,,,,,,,EL PASO,TX,79902-1512,,,"{""mailadd"":""3800 N MESA ST STE A2 # 4"",""mail_city"":""EL PASO"",""mail_state2"":""TX"",""mail_zip"":""79902-1512""}",1005 ARIZONA AVE,Residential,Multi Family,https://library.municode.com/tx/el_paso/codes/code_of_ordinances?nodeId=TIT20ZO,38794442.0,,1,,,,,Relatively Low,,,El Paso Independent School District,2062.0,1,,,,,Low,,P0000M3NV9OW,22c@8tf-p3j-5xq,V,YNNNN,AABB,S,A1,Y,N,5/1/2026,,1100.0,Household,1100.0,Private household,1100.0,Single-family buildings,6000.0,Developed site with buildings,1500,Businesses and commercial entities,124.0,9417.2,-0.12,0.15,1.21,0.8,1.1,83149,314,1.0,1147.52,1146.72,,1005,,ARIZONA,AVE,,,EL PASO,"{""address"":""1005 ARIZONA AVE"",""saddno"":""1005"",""saddstr"":""ARIZONA"",""saddsttyp"":""AVE"",""scity"":""EL PASO"",""szip"":""79902""}",el-paso,el-paso,TX,79902-4601,79902,,,county;cass,285 PIERCE FINLEY 20 & E 1/3 OF 19 (4000 SQ FT),,,,,,,,,31.770125,-106.486009,No,,48141002202,481410000000000.0,481410000000.0,79902,3/24/2026,,,528.0,3456.0,LIVING AREA,,0.0918,,0.08982,3913,,,,,/us/tx/el-paso/el-paso/132955,parcelnumb,e59f4736-3bba-47a9-958f-7b2b218a6a3a,,5/13/2026 0:45,P79599928505300,,,j17,4,,393201,central02,P795,R3,2025,P79599928505300,Residential,NWC169,P795,399075,TDC34,IEP,SCC,,,,TX,,,F,CEP,,0.0,226983.0,30002.0,0.0,0,256985,0,256985,,31.7701,-106.486,"1005-Arizona-Ave,-El-Paso,-TX-79902","1005 Arizona Ave, El Paso, TX 79902",1005 Arizona Ave,,El Paso,TX,48,79902,El Paso,141,31.770131,-106.486019,Single Family,1.0,1.0,,Active,450,Standard,2026-05-26T00:00:00.000Z,,2026-05-05T00:00:00.000Z,2026-06-07T00:54:27.009Z,13,"{'2026-05-04': {'event': 'Rental Listing', 'price': 550, 'listingType': 'Standard', 'listedDate': '2026-05-04T00:00:00.000Z', 'removedDate': '2026-05-26T00:00:00.000Z', 'daysOnMarket': 22}, '2026-05-26': {'event': 'Rental Listing', 'price': 450, 'listingType': 'Standard', 'listedDate': '2026-05-26T00:00:00.000Z', 'removedDate': None, 'daysOnMarket': 13}}",,,,,,,2026-06-07
132955,48141,393201,393201,,,,P79599928505300,399075,,A1,,A-2,Medium Density Residential Apartment District,,,1917.0,,1.0,,,2.0,,,,MARKET,226983,30002,256985,0,,3/7/2025,,2025,8/2/2007,,SARROS INVESTMENTS LLC,,,,,,,,3800 N MESA ST STE A2 # 4,,,,,,,,,EL PASO,TX,79902-1512,,,"{""mailadd"":""3800 N MESA ST STE A2 # 4"",""mail_city"":""EL PASO"",""mail_state2"":""TX"",""mail_zip"":""79902-1512""}",1005 ARIZONA AVE,Residential,Multi Family,https://library.municode.com/tx/el_paso/codes/code_of_ordinances?nodeId=TIT20ZO,38794442.0,,1,,,,,Relatively Low,,,El Paso Independent School District,2062.0,1,,,,,Low,,P0000M3NV9OW,22c@8tf-p3j-5xq,V,YNNNN,AABB,S,A1,Y,N,5/1/2026,,1100.0,Household,1100.0,Private household,1100.0,Single-family buildings,6000.0,Developed site with buildings,1500,Businesses and commercial entities,124.0,9417.2,-0.12,0.15,1.21,0.8,1.1,83149,314,1.0,1147.52,1146.72,,1005,,ARIZONA,AVE,,,EL PASO,"{""address"":""1005 ARIZONA AVE"",""saddno"":""1005"",""saddstr"":""ARIZONA"",""saddsttyp"":""AVE"",""scity"":""EL PASO"",""szip"":""79902""}",el-paso,el-paso,TX,79902-4601,79902,,,county;cass,285 PIERCE FINLEY 20 & E 1/3 OF 19 (4000 SQ FT),,,,,,,,,31.770125,-106.486009,No,,48141002202,481410000000000.0,481410000000.0,79902,3/24/2026,,,528.0,3456.0,LIVING AREA,,0.0918,,0.08982,3913,,,,,/us/tx/el-paso/el-paso/132955,parcelnumb,e59f4736-3bba-47a9-958f-7b2b218a6a3a,,5/13/2026 0:45,P79599928505300,,,j17,4,,393201,central02,P795,R3,2025,P79599928505300,Residential,NWC169,P795,399075,TDC34,IEP,SCC,,,,TX,,,F,CEP,,0.0,226983.0,30002.0,0.0,0,256985,0,256985,,31.7701,-106.486,"1005-Arizona-Ave,-El-Paso,-TX-79902","1005 Arizona Ave, El Paso, TX 79902",1005 Arizona Ave,,El Paso,TX,48,79902,El Paso,141,31.770131,-106.486019,Single Family,1.0,1.0,,Active,450,Standard,2026-05-26T00:00:00.000Z,,2026-05-05T00:00:00.000Z,2026-06-14T01:06:37.855Z,20,"{'2026-05-04': {'event': 'Rental Listing', 'price': 550, 'listingType': 'Standard', 'listedDate': '2026-05-04T00:00:00.000Z', 'removedDate': '2026-05-26T00:00:00.000Z', 'daysOnMarket': 22}, '2026-05-26': {'event': 'Rental Listing', 'price': 450, 'listingType': 'Standard', 'listedDate': '2026-05-26T00:00:00.000Z', 'removedDate': None, 'daysOnMarket': 20}}",,,,,,,2026-06-14
171304,48141,227342,227342,,,,L447999073A0900,1261148,,B4,,A-2,Medium Density Residential Apartment District,,,2021.0,,,,5.0,1.0,,2.0,,MARKET,446208,34927,481135,0,,4/25/2025,,2025,4/11/2023,,GUZMAN IVAN,,,,,,,,3724 KELTNER AVE,,,,,,,,,EL PASO,TX,79904-6126,,,"{""mailadd"":""3724 KELTNER AVE"",""mail_city"":""EL PASO"",""mail_state2"":""TX"",""mail_zip"":""79904-6126""}",3724 KELTNER AVE,Residential,Multi Family,https://library.municode.com/tx/el_paso/codes/code_of_ordinances?nodeId=TIT20ZO,38794502.0,,4,,,,,Very Low,,,El Paso Independent School District,4355.0,1,,,,,Low,,P0000M3OPSXT,22g@8tf-jgg-9mk,V,DNNNY,AAN105,H,"12.2,14.7,15.1,A1",Y,N,5/1/2026,,1100.0,Household,1100.0,Private household,1200.0,Multifamily structures,6000.0,Developed site with buildings,1500,Businesses and commercial entities,57.0,7907.4,-1.02,-0.35,0.09,0.35,3.33,33207,307,2.0,1215.71,1215.04,,3724,,KELTNER,AVE,,,EL PASO,"{""address"":""3724 KELTNER AVE"",""saddno"":""3724"",""saddstr"":""KELTNER"",""saddsttyp"":""AVE"",""scity"":""EL PASO"",""szip"":""79904""}",el-paso,el-paso,TX,79904-6126,79904,,,county;cass,73-A LOGAN HEIGHTS NW 1/4 OF 1 EXC N 25 FT (8820 SQ FT),,,,,,,,,31.826402,-106.448523,No,,48141000600,481410000000000.0,481410000000.0,79904,3/24/2026,,,3460.0,865.0,LIVING AREA,,0.2025,,0.2061,8978,,,,,/us/tx/el-paso/el-paso/171304,parcelnumb,fb7ce714-5a78-4463-89cf-4e97baf72786,,5/13/2026 0:45,L447999073A0900,,,,0,,227342,central16,L447,M3,2025,L447999073A0900,Residential,NWC145,L447,1261148,TDC34,IEP,SCC,,,,TX,,,F,CEP,,446208.0,0.0,0.0,34927.0,0,481135,0,481135,,31.8264,-106.4485,"3724-Keltner-Ave-Unit-G,-El-Paso,-TX-79904","3724 Keltner Ave Unit G, El Paso, TX 79904",3724 Keltner Ave Unit G,,El Paso,TX,48,79904,El Paso,141,31.826406,-106.448524,Single Family,2.0,1.0,962.0,Active,1250,Standard,2025-05-02T00:00:00.000Z,,2023-05-11T00:00:00.000Z,2026-05-18T01:58:48.652Z,382,"{'2025-05-02': {'event': 'Rental Listing', 'price': 1250, 'listingType': 'Standard', 'listedDate': '2025-05-02T00:00:00.000Z', 'removedDate': None, 'daysOnMarket': 382}}",,,,,,,2026-05-18
171304,48141,227342,227342,,,,L447999073A0900,1261148,,B4,,A-2,Medium Density Residential Apartment District,,,2021.0,,,,5.0,1.0,,2.0,,MARKET,446208,34927,481135,0,,4/25/2025,,2025,4/11/2023,,GUZMAN IVAN,,,,,,,,3724 KELTNER AVE,,,,,,,,,EL PASO,TX,79904-6126,,,"{""mailadd"":""3724 KELTNER AVE"",""mail_city"":""EL PASO"",""mail_state2"":""TX"",""mail_zip"":""79904-6126""}",3724 KELTNER AVE,Residential,Multi Family,https://library.municode.com/tx/el_paso/codes/code_of_ordinances?nodeId=TIT20ZO,38794502.0,,4,,,,,Very Low,,,El Paso Independent School District,4355.0,1,,,,,Low,,P0000M3OPSXT,22g@8tf-jgg-9mk,V,DNNNY,AAN105,H,"12.2,14.7,15.1,A1",Y,N,5/1/2026,,1100.0,Household,1100.0,Private household,1200.0,Multifamily structures,6000.0,Developed site with buildings,1500,Businesses and commercial entities,57.0,7907.4,-1.02,-0.35,0.09,0.35,3.33,33207,307,2.0,1215.71,1215.04,,3724,,KELTNER,AVE,,,EL PASO,"{""address"":""3724 KELTNER AVE"",""saddno"":""3724"",""saddstr"":""KELTNER"",""saddsttyp"":""AVE"",""scity"":""EL PASO"",""szip"":""79904""}",el-paso,el-paso,TX,79904-6126,79904,,,county;cass,73-A LOGAN HEIGHTS NW 1/4 OF 1 EXC N 25 FT (8820 SQ FT),,,,,,,,,31.826402,-106.448523,No,,48141000600,481410000000000.0,481410000000.0,79904,3/24/2026,,,3460.0,865.0,LIVING AREA,,0.2025,,0.2061,8978,,,,,/us/tx/el-paso/el-paso/171304,parcelnumb,fb7ce714-5a78-4463-89cf-4e97baf72786,,5/13/2026 0:45,L447999073A0900,,,,0,,227342,central16,L447,M3,2025,L447999073A0900,Residential,NWC145,L447,1261148,TDC34,IEP,SCC,,,,TX,,,F,CEP,,446208.0,0.0,0.0,34927.0,0,481135,0,481135,,31.8264,-106.4485,"3724-Keltner-Ave-Unit-G,-El-Paso,-TX-79904","3724 Keltner Ave Unit G, El Paso, TX 79904",3724 Keltner Ave Unit G,,El Paso,TX,48,79904,El Paso,141,31.826406,-106.448524,Single Family,2.0,1.0,962.0,Active,1250,Standard,2025-05-02T00:00:00.000Z,,2023-05-11T00:00:00.000Z,2026-05-24T01:55:24.568Z,388,"{'2025-05-02': {'event': 'Rental Listing', 'price': 1250, 'listingType': 'Standard', 'listedDate': '2025-05-02T00:00:00.000Z', 'removedDate': None, 'daysOnMarket': 388}}",,,,,,,2026-05-24
171304,48141,227342,227342,,,,L447999073A0900,1261148,,B4,,A-2,Medium Density Residential Apartment District,,,2021.0,,,,5.0,1.0,,2.0,,MARKET,446208,34927,481135,0,,4/25/2025,,2025,4/11/2023,,GUZMAN IVAN,,,,,,,,3724 KELTNER AVE,,,,,,,,,EL PASO,TX,79904-6126,,,"{""mailadd"":""3724 KELTNER AVE"",""mail_city"":""EL PASO"",""mail_state2"":""TX"",""mail_zip"":""79904-6126""}",3724 KELTNER AVE,Residential,Multi Family,https://library.municode.com/tx/el_paso/codes/code_of_ordinances?nodeId=TIT20ZO,38794502.0,,4,,,,,Very Low,,,El Paso Independent School District,4355.0,1,,,,,Low,,P0000M3OPSXT,22g@8tf-jgg-9mk,V,DNNNY,AAN105,H,"12.2,14.7,15.1,A1",Y,N,5/1/2026,,1100.0,Household,1100.0,Private household,1200.0,Multifamily structures,6000.0,Developed site with buildings,1500,Businesses and commercial entities,57.0,7907.4,-1.02,-0.35,0.09,0.35,3.33,33207,307,2.0,1215.71,1215.04,,3724,,KELTNER,AVE,,,EL PASO,"{""address"":""3724 KELTNER AVE"",""saddno"":""3724"",""saddstr"":""KELTNER"",""saddsttyp"":""AVE"",""scity"":""EL PASO"",""szip"":""79904""}",el-paso,el-paso,TX,79904-6126,79904,,,county;cass,73-A LOGAN HEIGHTS NW 1/4 OF 1 EXC N 25 FT (8820 SQ FT),,,,,,,,,31.826402,-106.448523,No,,48141000600,481410000000000.0,481410000000.0,79904,3/24/2026,,,3460.0,865.0,LIVING AREA,,0.2025,,0.2061,8978,,,,,/us/tx/el-paso/el-paso/171304,parcelnumb,fb7ce714-5a78-4463-89cf-4e97baf72786,,5/13/2026 0:45,L447999073A0900,,,,0,,227342,central16,L447,M3,2025,L447999073A0900,Residential,NWC145,L447,1261148,TDC34,IEP,SCC,,,,TX,,,F,CEP,,446208.0,0.0,0.0,34927.0,0,481135,0,481135,,31.8264,-106.4485,"3724-Keltner-Ave-Unit-G,-El-Paso,-TX-79904","3724 Keltner Ave Unit G, El Paso, TX 79904",3724 Keltner Ave Unit G,,El Paso,TX,48,79904,El Paso,141,31.826406,-106.448524,Single Family,2.0,1.0,962.0,Active,1250,Standard,2025-05-02T00:00:00.000Z,,2023-05-11T00:00:00.000Z,2026-05-31T02:24:58.784Z,395,"{'2025-05-02': {'event': 'Rental Listing', 'price': 1250, 'listingType': 'Standard', 'listedDate': '2025-05-02T00:00:00.000Z', 'removedDate': None, 'daysOnMarket': 395}}",,,,,,,2026-05-31
171304,48141,227342,227342,,,,L447999073A0900,1261148,,B4,,A-2,Medium Density Residential Apartment District,,,2021.0,,,,5.0,1.0,,2.0,,MARKET,446208,34927,481135,0,,4/25/2025,,2025,4/11/2023,,GUZMAN IVAN,,,,,,,,3724 KELTNER AVE,,,,,,,,,EL PASO,TX,79904-6126,,,"{""mailadd"":""3724 KELTNER AVE"",""mail_city"":""EL PASO"",""mail_state2"":""TX"",""mail_zip"":""79904-6126""}",3724 KELTNER AVE,Residential,Multi Family,https://library.municode.com/tx/el_paso/codes/code_of_ordinances?nodeId=TIT20ZO,38794502.0,,4,,,,,Very Low,,,El Paso Independent School District,4355.0,1,,,,,Low,,P0000M3OPSXT,22g@8tf-jgg-9mk,V,DNNNY,AAN105,H,"12.2,14.7,15.1,A1",Y,N,5/1/2026,,1100.0,Household,1100.0,Private household,1200.0,Multifamily structures,6000.0,Developed site with buildings,1500,Businesses and commercial entities,57.0,7907.4,-1.02,-0.35,0.09,0.35,3.33,33207,307,2.0,1215.71,1215.04,,3724,,KELTNER,AVE,,,EL PASO,"{""address"":""3724 KELTNER AVE"",""saddno"":""3724"",""saddstr"":""KELTNER"",""saddsttyp"":""AVE"",""scity"":""EL PASO"",""szip"":""79904""}",el-paso,el-paso,TX,79904-6126,79904,,,county;cass,73-A LOGAN HEIGHTS NW 1/4 OF 1 EXC N 25 FT (8820 SQ FT),,,,,,,,,31.826402,-106.448523,No,,48141000600,481410000000000.0,481410000000.0,79904,3/24/2026,,,3460.0,865.0,LIVING AREA,,0.2025,,0.2061,8978,,,,,/us/tx/el-paso/el-paso/171304,parcelnumb,fb7ce714-5a78-4463-89cf-4e97baf72786,,5/13/2026 0:45,L447999073A0900,,,,0,,227342,central16,L447,M3,2025,L447999073A0900,Residential,NWC145,L447,1261148,TDC34,IEP,SCC,,,,TX,,,F,CEP,,446208.0,0.0,0.0,34927.0,0,481135,0,481135,,31.8264,-106.4485,"3724-Keltner-Ave-Unit-G,-El-Paso,-TX-79904","3724 Keltner Ave Unit G, El Paso, TX 79904",3724 Keltner Ave Unit G,,El Paso,TX,48,79904,El Paso,141,31.826406,-106.448524,Single Family,2.0,1.0,962.0,Active,1250,Standard,2025-05-02T00:00:00.000Z,,2023-05-11T00:00:00.000Z,2026-06-07T02:01:51.755Z,402,"{'2025-05-02': {'event': 'Rental Listing', 'price': 1250, 'listingType': 'Standard', 'listedDate': '2025-05-02T00:00:00.000Z', 'removedDate': None, 'daysOnMarket': 402}}",,,,,,,2026-06-07
171304,48141,227342,227342,,,,L447999073A0900,1261148,,B4,,A-2,Medium Density Residential Apartment District,,,2021.0,,,,5.0,1.0,,2.0,,MARKET,446208,34927,481135,0,,4/25/2025,,2025,4/11/2023,,GUZMAN IVAN,,,,,,,,3724 KELTNER AVE,,,,,,,,,EL PASO,TX,79904-6126,,,"{""mailadd"":""3724 KELTNER AVE"",""mail_city"":""EL PASO"",""mail_state2"":""TX"",""mail_zip"":""79904-6126""}",3724 KELTNER AVE,Residential,Multi Family,https://library.municode.com/tx/el_paso/codes/code_of_ordinances?nodeId=TIT20ZO,38794502.0,,4,,,,,Very Low,,,El Paso Independent School District,4355.0,1,,,,,Low,,P0000M3OPSXT,22g@8tf-jgg-9mk,V,DNNNY,AAN105,H,"12.2,14.7,15.1,A1",Y,N,5/1/2026,,1100.0,Household,1100.0,Private household,1200.0,Multifamily structures,6000.0,Developed site with buildings,1500,Businesses and commercial entities,57.0,7907.4,-1.02,-0.35,0.09,0.35,3.33,33207,307,2.0,1215.71,1215.04,,3724,,KELTNER,AVE,,,EL PASO,"{""address"":""3724 KELTNER AVE"",""saddno"":""3724"",""saddstr"":""KELTNER"",""saddsttyp"":""AVE"",""scity"":""EL PASO"",""szip"":""79904""}",el-paso,el-paso,TX,79904-6126,79904,,,county;cass,73-A LOGAN HEIGHTS NW 1/4 OF 1 EXC N 25 FT (8820 SQ FT),,,,,,,,,31.826402,-106.448523,No,,48141000600,481410000000000.0,481410000000.0,79904,3/24/2026,,,3460.0,865.0,LIVING AREA,,0.2025,,0.2061,8978,,,,,/us/tx/el-paso/el-paso/171304,parcelnumb,fb7ce714-5a78-4463-89cf-4e97baf72786,,5/13/2026 0:45,L447999073A0900,,,,0,,227342,central16,L447,M3,2025,L447999073A0900,Residential,NWC145,L447,1261148,TDC34,IEP,SCC,,,,TX,,,F,CEP,,446208.0,0.0,0.0,34927.0,0,481135,0,481135,,31.8264,-106.4485,"3724-Keltner-Ave-Unit-G,-El-Paso,-TX-79904","3724 Keltner Ave Unit G, El Paso, TX 79904",3724 Keltner Ave Unit G,,El Paso,TX,48,79904,El Paso,141,31.826406,-106.448524,Single Family,2.0,1.0,962.0,Active,1250,Standard,2025-05-02T00:00:00.000Z,,2023-05-11T00:00:00.000Z,2026-06-14T01:46:56.222Z,409,"{'2025-05-02': {'event': 'Rental Listing', 'price': 1250, 'listingType': 'Standard', 'listedDate': '2025-05-02T00:00:00.000Z', 'removedDate': None, 'daysOnMarket': 409}}",,,,,,,2026-06-14
315649,48141,272940,272940,,,,B19799900104400,1261982,,A1,,P-R-2-C,Planned Residential District 2 Conditional,,,2007.0,,1.0,,,2.0,,3.0,,MARKET,199007,11184,209815,0,,3/25/2025,,2025,10/28/2011,,EPT CASAS PRIVADAS RA LLC,,,,,,,,150 W CASTELLANO DR STE B,,,,,,,,,EL PASO,TX,79912-6275,,,"{""mailadd"":""150 W CASTELLANO DR STE B"",""mail_city"":""EL PASO"",""mail_state2"":""TX"",""mail_zip"":""79912-6275""}",12273 COSTA BRAVA,Planned,Planned,https://library.municode.com/tx/el_paso/codes/code_of_ordinances?nodeId=TIT20ZO,38797527.0,,1,,,,,Very Low,,,Socorro Independent School District,1269.0,1,,,,,Low,,P0000M3O1FJS,22t@8tf-qwh-6kz,V,YNNNN,AABB,S,A1,Y,N,5/1/2026,,1100.0,Household,1100.0,Private household,1100.0,Single-family buildings,6000.0,Developed site with buildings,1500,Businesses and commercial entities,117.0,7690.1,-0.89,-0.24,0.08,0.33,2.45,68544,117,1.0,1225.35,1224.97,,12273,,COSTA BRAVA,DR,,,EL PASO,"{""address"":""12273 COSTA BRAVA DR"",""saddno"":""12273"",""saddstr"":""COSTA BRAVA"",""saddsttyp"":""DR"",""scity"":""EL PASO"",""szip"":""79938""}",el-paso,el-paso,TX,79938-4903,79938,,,county;cass,1 BARCELONA ESTATES REPLAT A LOT 44 (1742.00 SQ FT),,,,,,,,,31.768243,-106.263084,No,,48141010329,481410000000000.0,481410000000.0,79938,3/24/2026,,,72.0,1488.0,LIVING AREA,,0.04,,0.03986,1736,,,,,/us/tx/el-paso/el-paso/315649,parcelnumb,3087693f-e9c7-47b4-820d-afb09b0e674d,,5/13/2026 0:45,B19799900104400,,,,0,,272940,east35,B197,R3,2025,B19799900104400,Residential,NEB190,B197,1261982,TDC50,ISO,SCC,,,,TX,,TRZ2-5,F,CEP,2006,199007.0,0.0,0.0,11184.0,0,209815,0,209815,,31.7682,-106.2631,"12273-Costa-Brava-Pl,-El-Paso,-TX-79938","12273 Costa Brava Pl, El Paso, TX 79938",12273 Costa Brava Pl,,El Paso,TX,48,79938,El Paso,141,31.76821,-106.263084,Condo,3.0,2.0,1488.0,Active,1700,Standard,2026-05-11T00:00:00.000Z,,2025-05-07T00:00:00.000Z,2026-05-18T00:22:42.981Z,8,"{'2025-05-06': {'event': 'Rental Listing', 'price': 1600, 'listingType': 'Standard', 'listedDate': '2025-05-06T00:00:00.000Z', 'removedDate': '2025-05-29T00:00:00.000Z', 'daysOnMarket': 23}, '2026-05-11': {'event': 'Rental Listing', 'price': 1700, 'listingType': 'Standard', 'listedDate': '2026-05-11T00:00:00.000Z', 'removedDate': None, 'daysOnMarket': 8}}",2007.0,Elpaso,943725.0,"{'name': 'Jaclynn  De La Garza', 'phone': '9156134225', 'email': 'jaclynnrealtor@gmail.com'}","{'name': 'Dos Pueblos Realty, Llc', 'phone': '9156134225'}",,2026-05-18
